name,genus,species
staggered,0.4695906,0.686156
even,NA,0.323765
simulated,-0.05856234,0.8812871